"username","release_year","media_count"
"aismail","2019","1"
"aismail","2020","1"
"aismail","2023","1"
"aismail","2024","1"
"mkoleti","2018","1"
"mkoleti","2020","1"
"mkoleti","2023","1"
"msamala","2015","1"
"msamala","2017","1"
"msamala","2018","1"
"msamala","2020","1"
"msamala","2022","1"
"msamala","2023","1"
"nbardhan","2006","1"
"nbardhan","2012","1"
"nbardhan","2021","1"
"nbardhan","2022","1"
"sanand","2019","1"
"sanand","2020","1"
"sanand","2022","1"
"sanand","2023","1"
"sanand","2024","1"
"tnguyen","2001","1"
"tnguyen","2019","1"
"tnguyen","2020","1"
"tnguyen","2023","1"
